Number;DT1;DT2;DT3;DT4;DT5;DT6;DT7;DT8;Time
3;24.5706;24.5275;-256.727;-256.246;-256.692;-256.911;-256.966;-255.964;13:09:07
4;24.5706;24.5197;-256.735;-256.246;-256.692;-256.911;-256.966;-255.964;13:09:08
5;24.5706;24.5275;-256.727;-256.242;-256.7;-256.903;-256.966;-255.956;13:09:08
6;24.5784;24.5197;-256.727;-256.242;-256.692;-256.903;-256.966;-255.964;13:09:09
7;24.5784;24.5197;-256.739;-256.246;-256.7;-256.903;-256.966;-255.964;13:09:09
8;24.5784;24.5275;-256.735;-256.246;-256.692;-256.903;-256.974;-255.956;13:09:10
9;24.5784;24.5197;-256.747;-256.246;-256.692;-256.903;-256.974;-255.956;13:09:10
10;24.5706;24.5275;-256.743;-256.246;-256.7;-256.911;-256.958;-255.964;13:09:11
11;24.5784;24.5275;-256.735;-256.246;-256.692;-256.903;-256.966;-255.964;13:09:11
12;24.5706;24.5275;-256.743;-256.246;-256.692;-256.903;-256.966;-255.956;13:09:12
13;24.5706;24.5197;-256.735;-256.242;-256.692;-256.911;-256.966;-255.964;13:09:12
14;24.5784;24.5275;-256.735;-256.246;-256.692;-256.903;-256.974;-255.964;13:09:13
15;24.5706;24.5275;-256.735;-256.242;-256.7;-256.911;-256.966;-255.964;13:09:13
16;24.5784;24.5354;-256.743;-256.246;-256.7;-256.903;-256.966;-255.964;13:09:14
17;24.5784;24.5275;-256.743;-256.242;-256.692;-256.911;-256.974;-255.964;13:09:14
18;24.5862;24.5354;-256.735;-256.246;-256.7;-256.911;-256.974;-255.964;13:09:15
19;24.5784;24.5354;-256.743;-256.246;-256.7;-256.911;-256.966;-255.964;13:09:15
20;24.5706;24.5275;-256.735;-256.246;-256.692;-256.903;-256.974;-255.964;13:09:16
21;24.5784;24.5354;-256.743;-256.242;-256.692;-256.903;-256.974;-255.964;13:09:16
22;24.5784;24.5354;-256.743;-256.246;-256.692;-256.911;-256.966;-255.964;13:09:17
23;24.5784;24.5275;-256.735;-256.246;-256.692;-256.903;-256.981;-255.964;13:09:17
24;24.5784;24.5354;-256.735;-256.242;-256.7;-256.911;-256.974;-255.956;13:09:18
25;24.5706;24.5275;-256.727;-256.246;-256.692;-256.911;-256.981;-255.964;13:09:18
26;24.5784;24.5275;-256.743;-256.246;-256.7;-256.903;-256.966;-255.964;13:09:19
27;24.5784;24.5354;-256.735;-256.25;-256.7;-256.903;-256.974;-255.964;13:09:19
28;24.5784;24.5275;-256.735;-256.246;-256.692;-256.911;-256.966;-255.964;13:09:20
29;24.5862;24.5197;-256.735;-256.246;-256.7;-256.911;-256.966;-255.964;13:09:20
30;24.5784;24.5275;-256.735;-256.25;-256.692;-256.911;-256.974;-255.956;13:09:21
31;24.5862;24.5275;-256.735;-256.242;-256.692;-256.903;-256.974;-255.964;13:09:21
32;24.5784;24.5275;-256.743;-256.246;-256.7;-256.911;-256.974;-255.964;13:09:22
33;24.5784;24.5354;-256.735;-256.246;-256.7;-256.903;-256.966;-255.956;13:09:22
34;24.5784;24.5275;-256.743;-256.246;-256.692;-256.911;-256.974;-255.964;13:09:23
35;24.5862;24.5354;-256.743;-256.242;-256.692;-256.903;-256.958;-255.964;13:09:23
36;24.5784;24.5354;-256.747;-256.246;-256.7;-256.911;-256.966;-255.964;13:09:24
37;24.5862;24.5275;-256.739;-256.25;-256.7;-256.903;-256.958;-255.956;13:09:24
38;24.5784;24.5354;-256.743;-256.246;-256.692;-256.911;-256.966;-255.964;13:09:25
39;24.5784;24.5275;-256.739;-256.246;-256.7;-256.903;-256.958;-255.964;13:09:25
40;24.5784;24.5354;-256.743;-256.246;-256.7;-256.911;-256.958;-255.964;13:09:26
41;24.5862;24.5275;-256.743;-256.246;-256.692;-256.903;-256.958;-255.964;13:09:26
42;24.5784;24.5354;-256.747;-256.242;-256.692;-256.903;-256.966;-255.956;13:09:27
43;24.5784;24.5432;-256.747;-256.25;-256.692;-256.911;-256.958;-255.964;13:09:27
44;24.5784;24.5354;-256.743;-256.242;-256.692;-256.903;-256.966;-255.964;13:09:28
45;24.5862;24.5432;-256.747;-256.246;-256.692;-256.903;-256.958;-255.964;13:09:28
46;24.5784;24.5432;-256.743;-256.242;-256.7;-256.911;-256.966;-255.972;13:09:29
47;24.5784;24.5275;-256.747;-256.242;-256.7;-256.911;-256.95;-255.964;13:09:29
48;24.5784;24.5354;-256.735;-256.242;-256.7;-256.903;-256.966;-255.964;13:09:30
49;24.5784;24.5275;-256.747;-256.242;-256.7;-256.903;-256.958;-255.964;13:09:30
50;24.5862;24.5354;-256.743;-256.238;-256.7;-256.911;-256.966;-255.964;13:09:31
51;24.5706;24.5354;-256.747;-256.242;-256.692;-256.895;-256.958;-255.964;13:09:31
52;24.5784;24.5354;-256.743;-256.242;-256.7;-256.903;-256.966;-255.972;13:09:32
53;24.5784;24.5354;-256.743;-256.242;-256.7;-256.903;-256.958;-255.964;13:09:32
54;24.5784;24.5432;-256.743;-256.242;-256.692;-256.903;-256.966;-255.956;13:09:33
55;24.5706;24.5432;-256.751;-256.242;-256.7;-256.903;-256.966;-255.964;13:09:33
56;24.5784;24.5275;-256.743;-256.238;-256.7;-256.911;-256.974;-255.964;13:09:34
57;24.5784;24.5432;-256.743;-256.242;-256.692;-256.911;-256.958;-255.964;13:09:34
58;24.5862;24.5432;-256.747;-256.242;-256.7;-256.903;-256.974;-255.964;13:09:35
59;24.5784;24.5354;-256.747;-256.246;-256.7;-256.911;-256.966;-255.972;13:09:35
60;24.594;24.5432;-256.743;-256.242;-256.7;-256.903;-256.981;-255.964;13:09:36
61;24.594;24.551;-256.747;-256.246;-256.7;-256.911;-256.966;-255.964;13:09:36
62;24.6253;24.5745;-256.743;-256.242;-256.692;-256.911;-256.974;-255.964;13:09:37
63;24.641;24.5823;-256.743;-256.246;-256.7;-256.903;-256.958;-255.964;13:09:37
64;24.6566;24.6058;-256.747;-256.25;-256.7;-256.911;-256.966;-255.964;13:09:38
65;24.6723;24.6097;-256.743;-256.25;-256.7;-256.911;-256.966;-255.964;13:09:38
66;24.684;24.6214;-256.743;-256.246;-256.692;-256.903;-256.966;-255.956;13:09:39
67;24.7153;24.6332;-256.743;-256.25;-256.692;-256.911;-256.958;-255.964;13:09:39
68;24.7466;24.6566;-256.747;-256.25;-256.7;-256.903;-256.966;-255.964;13:09:40
69;24.7701;24.6645;-256.743;-256.25;-256.692;-256.911;-256.958;-255.956;13:09:40
70;24.8092;24.6958;-256.747;-256.246;-256.7;-256.911;-256.958;-255.964;13:09:41
71;24.8249;24.7114;-256.747;-256.25;-256.692;-256.911;-256.958;-255.956;13:09:41
72;24.8484;24.7349;-256.747;-256.25;-256.7;-256.911;-256.958;-255.964;13:09:42
73;24.8679;24.7584;-256.747;-256.25;-256.7;-256.903;-256.95;-255.956;13:09:42
74;24.8914;24.7662;-256.743;-256.246;-256.692;-256.911;-256.958;-255.956;13:09:43
75;24.9227;24.7818;-256.743;-256.25;-256.7;-256.919;-256.966;-255.964;13:09:43
76;24.9462;24.7936;-256.747;-256.242;-256.692;-256.903;-256.966;-255.956;13:09:44
77;24.9853;24.8092;-256.751;-256.25;-256.7;-256.911;-256.958;-255.956;13:09:44
78;25.0088;24.8249;-256.747;-256.246;-256.692;-256.903;-256.966;-255.956;13:09:45
79;25.0244;24.8484;-256.743;-256.25;-256.7;-256.911;-256.958;-255.956;13:09:45
80;25.0557;24.864;-256.743;-256.25;-256.692;-256.903;-256.958;-255.964;13:09:46
81;25.0675;24.8797;-256.747;-256.25;-256.7;-256.903;-256.958;-255.956;13:09:46
82;25.0909;24.9031;-256.743;-256.246;-256.692;-256.895;-256.966;-255.964;13:09:47
83;25.1066;24.911;-256.747;-256.25;-256.692;-256.911;-256.95;-255.956;13:09:47
84;25.1222;24.9188;-256.743;-256.246;-256.692;-256.911;-256.958;-255.956;13:09:48
85;25.1457;24.9423;-256.747;-256.25;-256.692;-256.911;-256.95;-255.964;13:09:48
86;25.1692;24.9579;-256.747;-256.246;-256.684;-256.903;-256.958;-255.964;13:09:49
87;25.177;24.9579;-256.747;-256.25;-256.692;-256.911;-256.95;-255.964;13:09:49
88;25.1927;24.9657;-256.747;-256.242;-256.692;-256.911;-256.966;-255.964;13:09:50
89;25.2083;24.9814;-256.743;-256.246;-256.692;-256.903;-256.95;-255.964;13:09:50
90;25.2318;24.9892;-256.739;-256.246;-256.7;-256.911;-256.958;-255.964;13:09:51
91;25.2396;25.0009;-256.747;-256.246;-256.692;-256.911;-256.95;-255.964;13:09:51
92;25.2631;25.0127;-256.747;-256.242;-256.692;-256.903;-256.95;-255.964;13:09:52
93;25.2905;25.0322;-256.747;-256.246;-256.7;-256.911;-256.958;-255.964;13:09:52
94;25.3139;25.0635;-256.743;-256.246;-256.692;-256.911;-256.958;-255.964;13:09:53
95;25.3687;25.0948;-256.747;-256.246;-256.692;-256.911;-256.958;-255.964;13:09:53
96;25.4235;25.134;-256.743;-256.242;-256.692;-256.911;-256.966;-255.964;13:09:54
97;25.4704;25.1809;-256.747;-256.25;-256.692;-256.911;-256.958;-255.956;13:09:54
98;25.5213;25.2122;-256.743;-256.246;-256.692;-256.911;-256.966;-255.964;13:09:55
99;25.5761;25.2435;-256.743;-256.246;-256.7;-256.903;-256.958;-255.956;13:09:55
100;25.6387;25.2944;-256.747;-256.246;-256.7;-256.911;-256.974;-255.964;13:09:56
101;25.7013;25.3413;-256.743;-256.246;-256.692;-256.911;-256.966;-255.964;13:09:56
102;25.76;25.3922;-256.743;-256.246;-256.692;-256.903;-256.958;-255.956;13:09:57
103;25.8304;25.4235;-256.743;-256.246;-256.7;-256.919;-256.958;-255.964;13:09:57
104;25.8969;25.4861;-256.743;-256.246;-256.684;-256.911;-256.958;-255.964;13:09:58
105;25.9673;25.533;-256.743;-256.246;-256.684;-256.911;-256.958;-255.956;13:09:58
106;26.0456;25.5839;-256.743;-256.242;-256.684;-256.911;-256.958;-255.956;13:09:59
107;26.1121;25.623;-256.743;-256.242;-256.7;-256.911;-256.958;-255.956;13:09:59
108;26.1825;25.6778;-256.743;-256.242;-256.692;-256.911;-256.966;-255.964;13:10:00
109;26.2529;25.7326;-256.747;-256.246;-256.7;-256.911;-256.95;-255.964;13:10:00
110;26.3234;25.7952;-256.743;-256.242;-256.692;-256.911;-256.966;-255.964;13:10:01
111;26.4055;25.8382;-256.747;-256.246;-256.692;-256.911;-256.958;-255.956;13:10:01
112;26.4838;25.8852;-256.743;-256.242;-256.7;-256.903;-256.95;-255.964;13:10:02
113;26.5464;25.9556;-256.743;-256.246;-256.7;-256.911;-256.95;-255.964;13:10:02
114;26.6285;25.9986;-256.743;-256.246;-256.692;-256.911;-256.958;-255.956;13:10:03
115;26.7185;26.0534;-256.743;-256.246;-256.692;-256.911;-256.95;-255.964;13:10:03
116;26.785;26.116;-256.743;-256.242;-256.7;-256.911;-256.95;-255.949;13:10:04
117;26.875;26.1786;-256.739;-256.246;-256.7;-256.903;-256.958;-255.964;13:10:04
118;26.9376;26.2256;-256.743;-256.246;-256.684;-256.911;-256.958;-255.956;13:10:05
119;27.0276;26.2842;-256.743;-256.246;-256.692;-256.903;-256.95;-255.964;13:10:05
120;27.1098;26.339;-256.739;-256.242;-256.692;-256.911;-256.958;-255.956;13:10:06
121;27.1763;26.4016;-256.739;-256.242;-256.692;-256.911;-256.958;-255.956;13:10:06
122;27.2585;26.4407;-256.743;-256.242;-256.7;-256.911;-256.966;-255.964;13:10:07
123;27.3406;26.5073;-256.747;-256.242;-256.692;-256.911;-256.958;-255.956;13:10:07
124;27.4189;26.5777;-256.743;-256.242;-256.692;-256.903;-256.966;-255.964;13:10:08
125;27.4971;26.6168;-256.743;-256.246;-256.692;-256.911;-256.958;-255.956;13:10:08
126;27.5793;26.6833;-256.743;-256.242;-256.692;-256.903;-256.958;-255.956;13:10:09
127;27.6575;26.7459;-256.747;-256.246;-256.692;-256.911;-256.958;-255.956;13:10:09
128;27.7514;26.8124;-256.743;-256.242;-256.7;-256.911;-256.958;-255.964;13:10:10
129;27.8179;26.8672;-256.747;-256.242;-256.692;-256.911;-256.95;-255.956;13:10:10
130;27.904;26.9376;-256.747;-256.242;-256.692;-256.903;-256.958;-255.956;13:10:11
131;27.9784;27.0002;-256.743;-256.242;-256.692;-256.903;-256.966;-255.949;13:10:11
132;28.0566;27.0511;-256.743;-256.238;-256.7;-256.903;-256.95;-255.956;13:10:12
133;28.1427;27.1059;-256.743;-256.246;-256.7;-256.911;-256.958;-255.956;13:10:12
134;28.217;27.1841;-256.743;-256.242;-256.7;-256.911;-256.95;-255.964;13:10:13
135;28.3031;27.2232;-256.747;-256.242;-256.7;-256.911;-256.95;-255.956;13:10:13
136;28.3853;27.2976;-256.743;-256.242;-256.692;-256.903;-256.95;-255.964;13:10:14
137;28.4557;27.3602;-256.747;-256.242;-256.692;-256.903;-256.958;-255.956;13:10:14
138;28.5574;27.4228;-256.743;-256.242;-256.692;-256.911;-256.958;-255.956;13:10:15
139;28.6161;27.4658;-256.743;-256.242;-256.7;-256.903;-256.958;-255.956;13:10:15
140;28.7022;27.5362;-256.743;-256.242;-256.7;-256.903;-256.95;-255.956;13:10:16
141;28.7922;27.5988;-256.743;-256.242;-256.692;-256.911;-256.958;-255.956;13:10:16
142;28.8626;27.6575;-256.743;-256.242;-256.7;-256.903;-256.958;-255.956;13:10:17
143;28.9487;27.7201;-256.743;-256.246;-256.692;-256.911;-256.958;-255.956;13:10:17
144;29.0191;27.7827;-256.735;-256.242;-256.7;-256.903;-256.958;-255.956;13:10:18
145;29.1012;27.8375;-256.743;-256.246;-256.7;-256.911;-256.958;-255.964;13:10:18
146;29.1912;27.8962;-256.747;-256.242;-256.692;-256.903;-256.958;-255.956;13:10:19
147;29.2538;27.9666;-256.747;-256.242;-256.692;-256.911;-256.966;-255.964;13:10:19
148;29.3477;28.0292;-256.747;-256.242;-256.692;-256.911;-256.958;-255.964;13:10:20
149;29.4182;28.0723;-256.747;-256.246;-256.7;-256.911;-256.966;-255.964;13:10:20
150;29.4847;28.1505;-256.747;-256.242;-256.692;-256.903;-256.958;-255.964;13:10:21
151;29.5708;28.2053;-256.743;-256.246;-256.684;-256.911;-256.95;-255.964;13:10:21
152;29.6568;28.2679;-256.747;-256.242;-256.692;-256.911;-256.958;-255.964;13:10:22
153;29.7233;28.3266;-256.743;-256.246;-256.7;-256.903;-256.958;-255.964;13:10:22
154;29.8094;28.397;-256.743;-256.242;-256.684;-256.911;-256.958;-255.956;13:10:23
155;29.8798;28.4439;-256.747;-256.246;-256.692;-256.911;-256.958;-255.956;13:10:23
156;29.9542;28.5105;-256.735;-256.246;-256.7;-256.903;-256.95;-255.956;13:10:24
157;30.0285;28.5731;-256.743;-256.242;-256.692;-256.911;-256.958;-255.956;13:10:24
158;30.1068;28.6317;-256.735;-256.238;-256.7;-256.911;-256.95;-255.956;13:10:25
159;30.185;28.6865;-256.727;-256.25;-256.692;-256.911;-256.95;-255.956;13:10:25
160;30.2554;28.7569;-256.727;-256.246;-256.692;-256.903;-256.958;-255.956;13:10:26
161;30.3298;28.8195;-256.719;-256.25;-256.692;-256.911;-256.958;-255.956;13:10:26
162;30.4159;28.8743;-256.727;-256.246;-256.692;-256.903;-256.958;-255.964;13:10:27
163;30.4863;28.933;-256.727;-256.25;-256.692;-256.911;-256.95;-255.956;13:10:27
164;30.5684;29.0073;-256.719;-256.25;-256.684;-256.911;-256.958;-255.956;13:10:28
165;30.6506;29.0465;-256.727;-256.25;-256.684;-256.911;-256.958;-255.956;13:10:28
166;30.7132;29.1169;-256.735;-256.25;-256.692;-256.903;-256.958;-255.956;13:10:29
167;30.8071;29.1873;-256.743;-256.25;-256.692;-256.911;-256.95;-255.964;13:10:29
168;30.8854;29.2382;-256.735;-256.25;-256.684;-256.903;-256.966;-255.949;13:10:30
169;30.944;29.3008;-256.735;-256.25;-256.684;-256.911;-256.958;-255.956;13:10:30
170;31.0301;29.3556;-256.727;-256.25;-256.692;-256.911;-256.95;-255.964;13:10:31
171;31.0927;29.426;-256.743;-256.25;-256.7;-256.903;-256.966;-255.956;13:10:31
172;31.1749;29.4886;-256.735;-256.246;-256.692;-256.911;-256.958;-255.956;13:10:32
173;31.261;29.5395;-256.743;-256.25;-256.692;-256.919;-256.958;-255.956;13:10:32
174;31.3275;29.6099;-256.727;-256.25;-256.692;-256.911;-256.966;-255.956;13:10:33
175;31.4057;29.6686;-256.743;-256.25;-256.692;-256.911;-256.958;-255.956;13:10:33
176;31.4879;29.7233;-256.735;-256.254;-256.692;-256.903;-256.966;-255.956;13:10:34
177;31.5505;29.7938;-256.727;-256.25;-256.7;-256.919;-256.966;-255.964;13:10:34
178;31.6287;29.8564;-256.735;-256.254;-256.692;-256.903;-256.958;-255.956;13:10:35
179;31.7109;29.9151;-256.735;-256.254;-256.692;-256.911;-256.966;-255.956;13:10:35
180;31.7735;29.9777;-256.735;-256.25;-256.692;-256.903;-256.966;-255.956;13:10:36
181;31.8596;30.0481;-256.735;-256.25;-256.7;-256.911;-256.958;-255.964;13:10:36
182;31.9261;30.095;-256.735;-256.254;-256.692;-256.911;-256.958;-255.956;13:10:37
183;31.9965;30.1615;-256.727;-256.25;-256.692;-256.911;-256.95;-255.956;13:10:37
184;32.0904;30.2202;-256.727;-256.25;-256.7;-256.903;-256.958;-255.964;13:10:38
185;32.1491;30.2711;-256.727;-256.254;-256.7;-256.911;-256.95;-255.956;13:10:38
186;32.2352;30.3376;-256.727;-256.25;-256.7;-256.911;-256.95;-255.964;13:10:39
187;32.3017;30.4002;-256.727;-256.254;-256.692;-256.911;-256.95;-255.956;13:10:39
188;32.3565;30.4628;-256.735;-256.25;-256.7;-256.911;-256.95;-255.964;13:10:40
189;32.4347;30.5215;-256.727;-256.254;-256.7;-256.911;-256.958;-255.964;13:10:40
190;32.5169;30.5841;-256.727;-256.25;-256.692;-256.911;-256.95;-255.956;13:10:41
191;32.5795;30.6389;-256.735;-256.25;-256.692;-256.903;-256.958;-255.964;13:10:41
192;32.6655;30.6976;-256.743;-256.25;-256.7;-256.911;-256.958;-255.964;13:10:42
193;32.7321;30.768;-256.735;-256.25;-256.692;-256.911;-256.958;-255.956;13:10:42
194;32.8025;30.8306;-256.735;-256.25;-256.692;-256.911;-256.958;-255.964;13:10:43
195;32.8729;30.8775;-256.735;-256.25;-256.7;-256.911;-256.958;-255.956;13:10:43
196;32.9472;30.9362;-256.735;-256.25;-256.7;-256.903;-256.958;-255.964;13:10:44
197;33.0177;31.0145;-256.743;-256.25;-256.7;-256.911;-256.958;-255.956;13:10:44
198;33.0959;31.0614;-256.727;-256.25;-256.7;-256.903;-256.95;-255.964;13:10:45
199;33.1546;31.1279;-256.727;-256.25;-256.7;-256.911;-256.95;-255.956;13:10:45
200;33.225;31.1905;-256.727;-256.25;-256.692;-256.903;-256.95;-255.964;13:10:46
201;33.3033;31.2414;-256.727;-256.246;-256.7;-256.911;-256.958;-255.956;13:10:46
202;33.3659;31.304;-256.727;-256.25;-256.692;-256.903;-256.958;-255.956;13:10:47
203;33.4402;31.3588;-256.727;-256.25;-256.7;-256.911;-256.95;-255.964;13:10:47
204;33.5263;31.437;-256.735;-256.246;-256.7;-256.903;-256.95;-255.956;13:10:48
205;33.585;31.4683;-256.727;-256.25;-256.692;-256.903;-256.95;-255.956;13:10:48
206;33.6554;31.5348;-256.735;-256.246;-256.692;-256.903;-256.95;-255.964;13:10:49
207;33.7258;31.5974;-256.735;-256.246;-256.692;-256.911;-256.95;-255.956;13:10:49
208;33.7884;31.66;-256.727;-256.25;-256.692;-256.911;-256.958;-255.964;13:10:50
209;33.8549;31.7031;-256.727;-256.25;-256.7;-256.911;-256.95;-255.956;13:10:50
210;33.941;31.7657;-256.735;-256.25;-256.7;-256.911;-256.958;-255.964;13:10:51
211;33.9919;31.8204;-256.735;-256.246;-256.7;-256.911;-256.958;-255.956;13:10:51
212;34.0701;31.8752;-256.735;-256.246;-256.7;-256.911;-256.966;-255.964;13:10:52
213;34.1484;31.9339;-256.735;-256.25;-256.708;-256.903;-256.958;-255.956;13:10:52
214;34.1953;32.0043;-256.739;-256.246;-256.7;-256.911;-256.966;-255.964;13:10:53
215;34.2697;32.063;-256.743;-256.246;-256.7;-256.911;-256.958;-255.956;13:10:53
216;34.3558;32.1256;-256.743;-256.246;-256.692;-256.911;-256.958;-255.956;13:10:54
217;34.4105;32.1882;-256.743;-256.246;-256.7;-256.903;-256.958;-255.964;13:10:54
218;34.4692;32.2586;-256.747;-256.246;-256.692;-256.903;-256.958;-255.956;13:10:55
219;34.5553;32.3056;-256.747;-256.246;-256.7;-256.911;-256.958;-255.964;13:10:55
220;34.614;32.3643;-256.747;-256.25;-256.7;-256.903;-256.966;-255.964;13:10:56
221;34.6844;32.4269;-256.747;-256.246;-256.7;-256.903;-256.95;-255.956;13:10:56
222;34.7548;32.4817;-256.747;-256.246;-256.7;-256.911;-256.966;-255.956;13:10:57
223;34.8135;32.5325;-256.747;-256.246;-256.7;-256.903;-256.958;-255.964;13:10:57
224;34.8761;32.5873;-256.747;-256.246;-256.7;-256.903;-256.958;-255.956;13:10:58
225;34.9309;32.6499;-256.743;-256.246;-256.7;-256.895;-256.966;-255.964;13:10:58
226;34.9818;32.689;-256.751;-256.246;-256.7;-256.895;-256.966;-255.964;13:10:59
227;35.0248;32.7399;-256.743;-256.246;-256.7;-256.895;-256.966;-255.964;13:10:59
228;35.0757;32.779;-256.747;-256.25;-256.7;-256.903;-256.958;-255.964;13:11:00
229;35.1304;32.8416;-256.743;-256.246;-256.692;-256.903;-256.958;-255.964;13:11:00
230;35.1774;32.8729;-256.743;-256.246;-256.7;-256.895;-256.958;-255.964;13:11:01
231;35.2087;32.9081;-256.743;-256.246;-256.7;-256.903;-256.958;-255.964;13:11:01
232;35.24;32.9472;-256.739;-256.246;-256.692;-256.895;-256.95;-255.964;13:11:02
233;35.2752;33.002;-256.743;-256.242;-256.7;-256.903;-256.958;-255.956;13:11:02
234;35.3143;33.0333;-256.735;-256.25;-256.692;-256.903;-256.958;-255.964;13:11:03
235;35.3378;33.0646;-256.743;-256.246;-256.692;-256.911;-256.966;-255.964;13:11:03
236;35.3613;33.0803;-256.735;-256.246;-256.7;-256.911;-256.958;-255.964;13:11:04
237;35.3926;33.1155;-256.743;-256.246;-256.692;-256.911;-256.958;-255.964;13:11:04
238;35.4082;33.1468;-256.747;-256.25;-256.692;-256.911;-256.958;-255.956;13:11:05
239;35.4278;33.1781;-256.743;-256.246;-256.692;-256.911;-256.95;-255.964;13:11:05
240;35.4317;33.1937;-256.735;-256.246;-256.7;-256.911;-256.958;-255.956;13:11:06
241;35.4395;33.225;-256.743;-256.246;-256.692;-256.911;-256.95;-255.972;13:11:06
242;35.4434;33.2563;-256.747;-256.25;-256.7;-256.911;-256.958;-255.956;13:11:07
243;35.4513;33.272;-256.735;-256.25;-256.7;-256.903;-256.958;-255.972;13:11:07
244;35.4591;33.2798;-256.743;-256.246;-256.692;-256.911;-256.95;-255.964;13:11:08
245;35.4591;33.2876;-256.735;-256.25;-256.7;-256.911;-256.958;-255.964;13:11:08
246;35.4591;33.2994;-256.747;-256.246;-256.7;-256.911;-256.958;-255.964;13:11:09
247;35.4669;33.315;-256.743;-256.25;-256.692;-256.911;-256.95;-255.964;13:11:09
248;35.4513;33.3228;-256.743;-256.246;-256.7;-256.903;-256.95;-255.964;13:11:10
249;35.4591;33.3385;-256.747;-256.246;-256.7;-256.903;-256.958;-255.964;13:11:10
250;35.4434;33.3541;-256.743;-256.246;-256.692;-256.903;-256.958;-255.964;13:11:11
251;35.4434;33.362;-256.743;-256.25;-256.7;-256.903;-256.966;-255.964;13:11:11
252;35.4395;33.3776;-256.743;-256.246;-256.7;-256.903;-256.958;-255.964;13:11:12
253;35.4395;33.3933;-256.747;-256.246;-256.692;-256.911;-256.958;-255.964;13:11:12
254;35.4356;33.4011;-256.743;-256.25;-256.7;-256.911;-256.958;-255.964;13:11:13
255;35.4317;33.4089;-256.739;-256.246;-256.692;-256.903;-256.958;-255.956;13:11:13
256;35.4278;33.4246;-256.743;-256.25;-256.692;-256.911;-256.95;-255.964;13:11:14
257;35.4278;33.4246;-256.743;-256.246;-256.7;-256.911;-256.958;-255.964;13:11:14
258;35.4082;33.4402;-256.747;-256.246;-256.692;-256.911;-256.95;-255.956;13:11:15
259;35.4082;33.4402;-256.743;-256.246;-256.692;-256.903;-256.958;-255.964;13:11:15
260;35.3847;33.4559;-256.743;-256.246;-256.692;-256.911;-256.958;-255.964;13:11:16
261;35.3847;33.4559;-256.743;-256.246;-256.7;-256.911;-256.95;-255.964;13:11:16
262;35.3691;33.4559;-256.747;-256.25;-256.692;-256.911;-256.958;-255.956;13:11:17
263;35.3613;33.4637;-256.747;-256.246;-256.692;-256.903;-256.958;-255.964;13:11:17
264;35.3456;33.4793;-256.743;-256.25;-256.7;-256.903;-256.958;-255.964;13:11:18
265;35.3456;33.4793;-256.743;-256.246;-256.7;-256.903;-256.958;-255.964;13:11:18
266;35.33;33.4872;-256.747;-256.254;-256.692;-256.903;-256.942;-255.956;13:11:19
267;35.3221;33.4911;-256.743;-256.246;-256.7;-256.903;-256.958;-255.964;13:11:19
268;35.3143;33.495;-256.743;-256.254;-256.692;-256.903;-256.95;-255.964;13:11:20
269;35.3065;33.5028;-256.747;-256.25;-256.692;-256.903;-256.95;-255.964;13:11:20
270;35.2987;33.5028;-256.743;-256.25;-256.692;-256.911;-256.942;-255.956;13:11:21
271;35.2908;33.5146;-256.743;-256.25;-256.692;-256.911;-256.95;-255.964;13:11:21
272;35.283;33.5224;-256.747;-256.246;-256.7;-256.903;-256.95;-255.964;13:11:22
273;35.2752;33.5302;-256.743;-256.246;-256.7;-256.911;-256.958;-255.964;13:11:22
274;35.2595;33.5302;-256.747;-256.25;-256.7;-256.911;-256.942;-255.964;13:11:23
275;35.2674;33.5459;-256.743;-256.246;-256.692;-256.903;-256.95;-255.964;13:11:23
276;35.2517;33.5537;-256.743;-256.25;-256.692;-256.911;-256.942;-255.956;13:11:24
277;35.2439;33.5615;-256.743;-256.246;-256.7;-256.903;-256.95;-255.964;13:11:24
278;35.2361;33.5772;-256.743;-256.246;-256.692;-256.911;-256.958;-255.964;13:11:25
279;35.2361;33.5928;-256.743;-256.246;-256.692;-256.911;-256.958;-255.972;13:11:25
280;35.2282;33.5928;-256.743;-256.25;-256.692;-256.903;-256.95;-255.956;13:11:26
281;35.2243;33.6085;-256.743;-256.246;-256.7;-256.911;-256.958;-255.964;13:11:26
282;35.2204;33.6085;-256.743;-256.25;-256.692;-256.903;-256.958;-255.964;13:11:27
283;35.2165;33.6319;-256.743;-256.246;-256.692;-256.911;-256.958;-255.964;13:11:27
284;35.2165;33.6398;-256.747;-256.25;-256.7;-256.911;-256.958;-255.956;13:11:28
285;35.2204;33.6554;-256.743;-256.246;-256.7;-256.903;-256.958;-255.964;13:11:28
286;35.2126;33.6632;-256.743;-256.25;-256.7;-256.911;-256.966;-255.964;13:11:29
287;35.2087;33.6711;-256.743;-256.246;-256.692;-256.911;-256.958;-255.964;13:11:29
288;35.2087;33.6671;-256.743;-256.25;-256.7;-256.903;-256.958;-255.972;13:11:30
289;35.2126;33.6789;-256.743;-256.25;-256.7;-256.911;-256.966;-255.972;13:11:30
290;35.2087;33.6828;-256.743;-256.25;-256.7;-256.911;-256.95;-255.964;13:11:31
291;35.2009;33.6984;-256.743;-256.246;-256.7;-256.903;-256.966;-255.972;13:11:31
292;35.2087;33.6984;-256.743;-256.254;-256.7;-256.911;-256.958;-255.964;13:11:32
293;35.2009;33.7063;-256.743;-256.246;-256.7;-256.903;-256.958;-255.972;13:11:32
294;35.2009;33.7297;-256.735;-256.254;-256.692;-256.911;-256.95;-255.964;13:11:33
295;35.2009;33.7376;-256.743;-256.25;-256.7;-256.911;-256.95;-255.972;13:11:33
296;35.193;33.7454;-256.743;-256.25;-256.7;-256.911;-256.958;-255.964;13:11:34
297;35.2009;33.7532;-256.743;-256.246;-256.7;-256.903;-256.95;-255.964;13:11:34
298;35.1852;33.761;-256.747;-256.25;-256.7;-256.911;-256.95;-255.964;13:11:35
299;35.193;33.7767;-256.743;-256.246;-256.692;-256.903;-256.95;-255.964;13:11:35
300;35.2009;33.7923;-256.743;-256.25;-256.7;-256.911;-256.958;-255.956;13:11:36
301;35.2009;33.808;-256.747;-256.246;-256.7;-256.911;-256.95;-255.964;13:11:36
302;35.2009;33.8158;-256.743;-256.25;-256.7;-256.911;-256.958;-255.956;13:11:37
303;35.2009;33.8315;-256.743;-256.246;-256.692;-256.911;-256.958;-255.964;13:11:37
304;35.2087;33.8471;-256.743;-256.246;-256.7;-256.903;-256.958;-255.964;13:11:38
305;35.2087;33.8628;-256.743;-256.246;-256.7;-256.911;-256.958;-255.964;13:11:38
306;35.2087;33.8628;-256.743;-256.25;-256.692;-256.903;-256.958;-255.972;13:11:39
307;35.2126;33.8823;-256.747;-256.246;-256.7;-256.911;-256.958;-255.964;13:11:39
308;35.2087;33.8862;-256.743;-256.246;-256.692;-256.911;-256.95;-255.972;13:11:40
309;35.2126;33.8941;-256.735;-256.246;-256.7;-256.903;-256.95;-255.964;13:11:40
310;35.2126;33.9058;-256.739;-256.25;-256.7;-256.911;-256.95;-255.964;13:11:41
311;35.2165;33.9136;-256.743;-256.25;-256.692;-256.911;-256.95;-255.964;13:11:41
312;35.2165;33.9215;-256.743;-256.25;-256.7;-256.903;-256.95;-255.964;13:11:42
313;35.2165;33.9371;-256.735;-256.25;-256.692;-256.911;-256.95;-255.964;13:11:42
314;35.2165;33.9449;-256.735;-256.25;-256.7;-256.911;-256.95;-255.972;13:11:43
315;35.2243;33.9528;-256.743;-256.246;-256.7;-256.903;-256.958;-255.964;13:11:43
316;35.2204;33.9684;-256.735;-256.25;-256.692;-256.911;-256.958;-255.964;13:11:44
317;35.2282;33.9762;-256.739;-256.246;-256.7;-256.903;-256.958;-255.964;13:11:44
318;35.2282;33.9762;-256.747;-256.25;-256.7;-256.903;-256.958;-255.964;13:11:45
319;35.2282;33.9919;-256.743;-256.246;-256.7;-256.911;-256.958;-255.964;13:11:45
320;35.2361;33.9997;-256.743;-256.25;-256.7;-256.911;-256.966;-255.964;13:11:46
321;35.2439;34.0154;-256.739;-256.246;-256.7;-256.911;-256.958;-255.956;13:11:46
322;35.2439;34.0154;-256.743;-256.25;-256.692;-256.911;-256.958;-255.964;13:11:47
323;35.2517;34.0388;-256.743;-256.246;-256.692;-256.911;-256.966;-255.964;13:11:47
324;35.2517;34.031;-256.743;-256.246;-256.7;-256.911;-256.966;-255.964;13:11:48
325;35.2595;34.0467;-256.743;-256.246;-256.692;-256.919;-256.966;-255.964;13:11:48
326;35.2674;34.0545;-256.735;-256.246;-256.692;-256.911;-256.958;-255.964;13:11:49
327;35.2674;34.0701;-256.743;-256.246;-256.7;-256.903;-256.966;-255.964;13:11:49
328;35.2674;34.0701;-256.735;-256.25;-256.692;-256.911;-256.958;-255.964;13:11:50
329;35.2674;34.0936;-256.743;-256.242;-256.7;-256.911;-256.966;-255.964;13:11:50
330;35.283;34.0975;-256.743;-256.25;-256.692;-256.919;-256.958;-255.964;13:11:51
331;35.2752;34.1053;-256.747;-256.246;-256.692;-256.911;-256.966;-255.964;13:11:51
332;35.283;34.1093;-256.743;-256.25;-256.7;-256.911;-256.974;-255.956;13:11:52
333;35.2752;34.121;-256.743;-256.246;-256.692;-256.911;-256.966;-255.964;13:11:52
334;35.2752;34.1288;-256.739;-256.246;-256.7;-256.903;-256.966;-255.956;13:11:53
335;35.283;34.1445;-256.743;-256.25;-256.7;-256.911;-256.974;-255.956;13:11:53
336;35.2752;34.1445;-256.743;-256.25;-256.692;-256.903;-256.966;-255.956;13:11:54
337;35.2752;34.1679;-256.743;-256.25;-256.7;-256.911;-256.966;-255.964;13:11:54
338;35.2752;34.1758;-256.743;-256.25;-256.692;-256.911;-256.966;-255.956;13:11:55
339;35.283;34.1836;-256.747;-256.246;-256.7;-256.911;-256.958;-255.964;13:11:55
340;35.2752;34.1914;-256.743;-256.25;-256.7;-256.919;-256.966;-255.956;13:11:56
341;35.2752;34.1993;-256.743;-256.25;-256.692;-256.911;-256.966;-255.964;13:11:56
342;35.283;34.2149;-256.739;-256.254;-256.7;-256.911;-256.958;-255.956;13:11:57
343;35.283;34.2306;-256.743;-256.25;-256.7;-256.911;-256.966;-255.956;13:11:57
344;35.283;34.2384;-256.743;-256.25;-256.692;-256.911;-256.966;-255.964;13:11:58
345;35.2908;34.2384;-256.743;-256.25;-256.7;-256.903;-256.958;-255.972;13:11:58
346;35.2908;34.254;-256.751;-256.246;-256.692;-256.919;-256.958;-255.964;13:11:59
347;35.2987;34.2619;-256.747;-256.246;-256.7;-256.911;-256.958;-255.956;13:11:59
348;35.2908;34.2619;-256.751;-256.25;-256.7;-256.911;-256.958;-255.964;13:12:00
349;35.2908;34.2736;-256.747;-256.246;-256.7;-256.911;-256.958;-255.964;13:12:00
350;35.2908;34.2697;-256.747;-256.246;-256.7;-256.919;-256.958;-255.964;13:12:01
351;35.2987;34.2775;-256.747;-256.246;-256.692;-256.911;-256.958;-255.964;13:12:01
352;35.2908;34.2814;-256.747;-256.25;-256.708;-256.919;-256.958;-255.956;13:12:02
353;35.2987;34.2853;-256.743;-256.246;-256.7;-256.903;-256.966;-255.964;13:12:02
354;35.2908;34.2892;-256.747;-256.246;-256.7;-256.911;-256.95;-255.956;13:12:03
355;35.2987;34.3049;-256.747;-256.246;-256.692;-256.903;-256.958;-255.956;13:12:03
356;35.2908;34.2971;-256.747;-256.246;-256.708;-256.911;-256.958;-255.956;13:12:04
357;35.2987;34.3127;-256.751;-256.246;-256.7;-256.911;-256.966;-255.964;13:12:04
358;35.2987;34.3205;-256.743;-256.25;-256.7;-256.911;-256.958;-255.964;13:12:05
359;35.2908;34.3362;-256.747;-256.25;-256.7;-256.919;-256.958;-255.964;13:12:05
360;35.2987;34.3362;-256.747;-256.25;-256.7;-256.911;-256.95;-255.964;13:12:06
361;35.2987;34.344;-256.747;-256.25;-256.692;-256.911;-256.958;-255.964;13:12:06
362;35.2987;34.344;-256.747;-256.246;-256.7;-256.919;-256.942;-255.964;13:12:07
363;35.2987;34.3675;-256.747;-256.246;-256.7;-256.903;-256.95;-255.964;13:12:07
364;35.2987;34.3597;-256.743;-256.25;-256.708;-256.919;-256.95;-255.956;13:12:08
365;35.2987;34.3831;-256.747;-256.25;-256.7;-256.903;-256.966;-255.964;13:12:08
366;35.2987;34.3831;-256.743;-256.246;-256.708;-256.911;-256.95;-255.964;13:12:09
367;35.3065;34.391;-256.747;-256.25;-256.715;-256.911;-256.958;-255.964;13:12:09
368;35.3065;34.4066;-256.751;-256.25;-256.708;-256.903;-256.95;-255.964;13:12:10
369;35.2987;34.4066;-256.747;-256.242;-256.708;-256.903;-256.958;-255.964;13:12:10
370;35.2987;34.4223;-256.747;-256.25;-256.7;-256.911;-256.958;-255.964;13:12:11
371;35.3065;34.4223;-256.747;-256.242;-256.708;-256.911;-256.958;-255.964;13:12:11
372;35.3065;34.4379;-256.751;-256.25;-256.708;-256.911;-256.958;-255.964;13:12:12
373;35.3065;34.4457;-256.747;-256.242;-256.7;-256.911;-256.958;-255.956;13:12:12
374;35.2987;34.4457;-256.743;-256.246;-256.7;-256.911;-256.966;-255.964;13:12:13
375;35.3065;34.4614;-256.751;-256.246;-256.7;-256.911;-256.958;-255.956;13:12:13
376;35.3065;34.4614;-256.747;-256.25;-256.692;-256.903;-256.958;-255.964;13:12:14
377;35.3065;34.4692;-256.751;-256.246;-256.7;-256.911;-256.958;-255.956;13:12:14
378;35.3065;34.4692;-256.747;-256.25;-256.692;-256.911;-256.958;-255.964;13:12:15
379;35.3065;34.477;-256.751;-256.246;-256.7;-256.911;-256.958;-255.972;13:12:15
380;35.3143;34.4849;-256.751;-256.25;-256.7;-256.911;-256.958;-255.964;13:12:16
381;35.3143;34.4888;-256.747;-256.25;-256.7;-256.911;-256.958;-255.964;13:12:16
382;35.3065;34.4849;-256.747;-256.258;-256.7;-256.911;-256.95;-255.964;13:12:17
383;35.3143;34.4927;-256.751;-256.254;-256.692;-256.911;-256.974;-255.964;13:12:17
384;35.3065;34.4927;-256.747;-256.25;-256.7;-256.911;-256.974;-255.964;13:12:18
385;35.3143;34.4966;-256.747;-256.254;-256.7;-256.903;-256.958;-255.964;13:12:18
386;35.3065;34.5005;-256.747;-256.25;-256.692;-256.911;-256.958;-255.964;13:12:19
387;35.3143;34.5005;-256.747;-256.25;-256.708;-256.911;-256.966;-255.964;13:12:19
388;35.3221;34.5044;-256.747;-256.254;-256.7;-256.903;-256.958;-255.964;13:12:20
389;35.3143;34.5123;-256.747;-256.25;-256.692;-256.919;-256.958;-255.964;13:12:20
390;35.3143;34.5201;-256.747;-256.25;-256.7;-256.911;-256.958;-255.964;13:12:21
391;35.3143;34.5279;-256.743;-256.25;-256.7;-256.911;-256.958;-255.964;13:12:21
392;35.3065;34.5357;-256.747;-256.25;-256.692;-256.919;-256.95;-255.964;13:12:22
393;35.3143;34.5436;-256.747;-256.246;-256.7;-256.911;-256.958;-255.964;13:12:22
394;35.3143;34.5514;-256.747;-256.25;-256.692;-256.911;-256.958;-255.956;13:12:23
395;35.3143;34.5514;-256.751;-256.246;-256.692;-256.903;-256.95;-255.956;13:12:23
396;35.3065;34.5514;-256.747;-256.246;-256.7;-256.911;-256.958;-255.964;13:12:24
397;35.3143;34.5592;-256.747;-256.242;-256.684;-256.903;-256.958;-255.964;13:12:24
398;35.3143;34.5514;-256.751;-256.25;-256.692;-256.911;-256.95;-255.956;13:12:25
399;35.3143;34.5514;-256.743;-256.246;-256.7;-256.911;-256.95;-255.964;13:12:25
400;35.3065;34.5592;-256.743;-256.25;-256.7;-256.911;-256.95;-255.964;13:12:26
401;35.3065;34.567;-256.747;-256.246;-256.692;-256.911;-256.958;-255.964;13:12:26
402;35.3065;34.567;-256.747;-256.25;-256.7;-256.919;-256.95;-255.972;13:12:27
403;35.3143;34.5749;-256.747;-256.246;-256.692;-256.911;-256.958;-255.964;13:12:27
404;35.3143;34.5749;-256.747;-256.246;-256.692;-256.911;-256.95;-255.964;13:12:28
405;35.3221;34.5749;-256.743;-256.25;-256.7;-256.911;-256.958;-255.956;13:12:28
406;35.3143;34.5827;-256.735;-256.25;-256.692;-256.911;-256.95;-255.964;13:12:29
407;35.3143;34.5827;-256.727;-256.246;-256.684;-256.911;-256.942;-255.956;13:12:29
408;35.3221;34.5905;-256.743;-256.25;-256.684;-256.919;-256.942;-255.964;13:12:30
409;35.3143;34.6062;-256.735;-256.246;-256.684;-256.911;-256.95;-255.964;13:12:30
410;35.3143;34.5983;-256.743;-256.25;-256.684;-256.911;-256.95;-255.956;13:12:31
411;35.3065;34.6218;-256.743;-256.25;-256.684;-256.911;-256.95;-255.964;13:12:31
412;35.3065;34.614;-256.743;-256.246;-256.684;-256.911;-256.95;-255.964;13:12:32
413;35.3065;34.6218;-256.743;-256.246;-256.684;-256.911;-256.95;-255.964;13:12:32
414;35.3065;34.6296;-256.735;-256.25;-256.684;-256.911;-256.958;-255.964;13:12:33
415;35.3143;34.6296;-256.743;-256.25;-256.684;-256.911;-256.958;-255.964;13:12:33
416;35.3065;34.6453;-256.735;-256.25;-256.692;-256.911;-256.958;-255.964;13:12:34
417;35.3065;34.6531;-256.743;-256.25;-256.692;-256.911;-256.95;-255.964;13:12:34
418;35.3143;34.6531;-256.743;-256.25;-256.684;-256.911;-256.958;-255.956;13:12:35
419;35.3143;34.6609;-256.735;-256.246;-256.692;-256.903;-256.95;-255.964;13:12:35
420;35.3065;34.6688;-256.743;-256.25;-256.692;-256.919;-256.958;-255.964;13:12:36
421;35.3143;34.6688;-256.735;-256.246;-256.692;-256.911;-256.958;-255.964;13:12:36
422;35.3143;34.6844;-256.743;-256.25;-256.7;-256.911;-256.95;-255.956;13:12:37
423;35.3143;34.6922;-256.735;-256.25;-256.7;-256.911;-256.95;-255.964;13:12:37
424;35.3143;34.6922;-256.743;-256.246;-256.692;-256.911;-256.958;-255.956;13:12:38
425;35.3221;34.704;-256.743;-256.25;-256.692;-256.911;-256.95;-255.964;13:12:38
426;35.3143;34.7001;-256.743;-256.246;-256.692;-256.903;-256.95;-255.956;13:12:39
427;35.3221;34.7118;-256.743;-256.25;-256.692;-256.911;-256.95;-255.964;13:12:39
428;35.3221;34.7118;-256.747;-256.246;-256.692;-256.903;-256.95;-255.956;13:12:40
429;35.3221;34.7157;-256.747;-256.25;-256.7;-256.903;-256.958;-255.972;13:12:40
430;35.3143;34.7157;-256.751;-256.25;-256.692;-256.903;-256.95;-255.964;13:12:41
431;35.3221;34.7196;-256.751;-256.246;-256.7;-256.911;-256.958;-255.964;13:12:41
432;35.33;34.7196;-256.747;-256.25;-256.692;-256.903;-256.958;-255.964;13:12:42
433;35.3221;34.7353;-256.755;-256.25;-256.692;-256.911;-256.958;-255.956;13:12:42
434;35.3221;34.7274;-256.751;-256.25;-256.692;-256.911;-256.958;-255.964;13:12:43
435;35.33;34.7353;-256.747;-256.25;-256.692;-256.911;-256.958;-255.972;13:12:43
436;35.33;34.7431;-256.755;-256.25;-256.7;-256.911;-256.95;-255.956;13:12:44
437;35.33;34.7431;-256.751;-256.246;-256.692;-256.919;-256.966;-255.972;13:12:44
438;35.33;34.7509;-256.747;-256.25;-256.692;-256.911;-256.958;-255.964;13:12:45
439;35.33;34.7509;-256.751;-256.246;-256.7;-256.903;-256.958;-255.964;13:12:45
440;35.3221;34.7587;-256.747;-256.246;-256.7;-256.911;-256.966;-255.964;13:12:46
441;35.33;34.7587;-256.751;-256.25;-256.692;-256.911;-256.958;-255.972;13:12:46
442;35.3221;34.7666;-256.747;-256.246;-256.692;-256.919;-256.95;-255.956;13:12:47
443;35.3221;34.7666;-256.747;-256.246;-256.692;-256.911;-256.95;-255.964;13:12:47
444;35.3221;34.7666;-256.747;-256.246;-256.7;-256.911;-256.95;-255.964;13:12:48
445;35.3221;34.7587;-256.747;-256.246;-256.692;-256.903;-256.958;-255.964;13:12:48
446;35.3221;34.7666;-256.743;-256.246;-256.7;-256.911;-256.958;-255.956;13:12:49
447;35.33;34.7666;-256.751;-256.246;-256.692;-256.911;-256.95;-255.964;13:12:49
448;35.3378;34.7666;-256.747;-256.25;-256.692;-256.919;-256.958;-255.964;13:12:50
449;35.3378;34.7744;-256.747;-256.25;-256.7;-256.911;-256.95;-255.972;13:12:50
450;35.3378;34.7666;-256.747;-256.246;-256.692;-256.919;-256.958;-255.964;13:12:51
451;35.3456;34.7744;-256.747;-256.25;-256.7;-256.911;-256.958;-255.964;13:12:51
452;35.3456;34.7822;-256.747;-256.246;-256.692;-256.919;-256.958;-255.972;13:12:52
453;35.3456;34.7822;-256.743;-256.25;-256.692;-256.911;-256.966;-255.964;13:12:52
454;35.3534;34.79;-256.747;-256.246;-256.7;-256.911;-256.958;-255.964;13:12:53
455;35.3456;34.79;-256.747;-256.25;-256.692;-256.911;-256.966;-255.964;13:12:53
456;35.3456;34.79;-256.743;-256.246;-256.7;-256.911;-256.95;-255.964;13:12:54
457;35.3534;34.7979;-256.743;-256.25;-256.7;-256.903;-256.958;-255.972;13:12:54
458;35.3534;34.7979;-256.747;-256.246;-256.692;-256.911;-256.958;-255.964;13:12:55
459;35.3534;34.7979;-256.747;-256.246;-256.7;-256.919;-256.958;-255.956;13:12:55
460;35.3534;34.8135;-256.747;-256.25;-256.7;-256.911;-256.95;-255.964;13:12:56
461;35.3613;34.8135;-256.747;-256.25;-256.7;-256.911;-256.958;-255.956;13:12:56
462;35.3534;34.8135;-256.743;-256.246;-256.692;-256.911;-256.958;-255.956;13:12:57
463;35.3534;34.8213;-256.747;-256.25;-256.7;-256.919;-256.95;-255.964;13:12:57
464;35.3534;34.8135;-256.743;-256.25;-256.708;-256.911;-256.958;-255.964;13:12:58
465;35.3534;34.8213;-256.747;-256.25;-256.692;-256.911;-256.958;-255.956;13:12:58
466;35.3769;34.8135;-256.747;-256.246;-256.7;-256.911;-256.966;-255.956;13:12:59
467;35.3926;34.8057;-256.743;-256.25;-256.7;-256.911;-256.95;-255.964;13:12:59
468;35.3769;34.7979;-256.743;-256.242;-256.692;-256.919;-256.958;-255.956;13:13:00
469;35.3691;34.7666;-256.747;-256.246;-256.7;-256.911;-256.95;-255.949;13:13:00
470;35.3613;34.7587;-256.743;-256.25;-256.692;-256.911;-256.95;-255.956;13:13:01
471;35.3378;34.7196;-256.751;-256.246;-256.692;-256.919;-256.958;-255.949;13:13:01
472;35.3143;34.7079;-256.747;-256.246;-256.692;-256.911;-256.958;-255.949;13:13:02
473;35.283;34.6688;-256.747;-256.25;-256.692;-256.911;-256.966;-255.956;13:13:02
474;35.2517;34.6453;-256.751;-256.246;-256.7;-256.919;-256.966;-255.949;13:13:03
475;35.2204;34.6062;-256.747;-256.25;-256.7;-256.911;-256.958;-255.949;13:13:03
476;35.193;34.5592;-256.751;-256.25;-256.692;-256.919;-256.966;-255.956;13:13:04
477;35.1539;34.5201;-256.751;-256.25;-256.7;-256.911;-256.958;-255.949;13:13:04
478;35.1148;34.4888;-256.747;-256.25;-256.7;-256.911;-256.966;-255.956;13:13:05
479;35.0678;34.4614;-256.751;-256.246;-256.692;-256.919;-256.958;-255.949;13:13:05
480;35.0444;34.4223;-256.747;-256.25;-256.708;-256.911;-256.966;-255.956;13:13:06
481;35.0131;34.391;-256.751;-256.25;-256.692;-256.911;-256.958;-255.949;13:13:06
482;34.9896;34.3362;-256.751;-256.25;-256.7;-256.911;-256.966;-255.956;13:13:07
483;34.9465;34.3049;-256.751;-256.25;-256.7;-256.927;-256.958;-255.956;13:13:07
484;34.9152;34.2775;-256.751;-256.25;-256.7;-256.911;-256.966;-255.949;13:13:08
485;34.8996;34.2462;-256.743;-256.25;-256.692;-256.919;-256.966;-255.956;13:13:08
486;34.8683;34.2149;-256.747;-256.25;-256.7;-256.919;-256.966;-255.949;13:13:09
487;34.837;34.1914;-256.747;-256.25;-256.7;-256.919;-256.966;-255.956;13:13:09
488;34.8213;34.1523;-256.751;-256.25;-256.7;-256.911;-256.958;-255.956;13:13:10
489;34.8018;34.1171;-256.747;-256.25;-256.7;-256.919;-256.958;-255.956;13:13:10
490;34.7705;34.1014;-256.751;-256.25;-256.7;-256.919;-256.966;-255.956;13:13:11
491;34.7392;34.078;-256.751;-256.25;-256.7;-256.919;-256.95;-255.956;13:13:11
492;34.7235;34.0545;-256.751;-256.25;-256.7;-256.911;-256.958;-255.956;13:13:12
493;34.7001;34.031;-256.747;-256.254;-256.7;-256.911;-256.958;-255.956;13:13:12
494;34.6766;34.0154;-256.751;-256.254;-256.7;-256.911;-256.966;-255.949;13:13:13
495;34.6688;33.9919;-256.743;-256.25;-256.692;-256.911;-256.966;-255.956;13:13:13
496;34.6531;33.9684;-256.747;-256.25;-256.692;-256.919;-256.974;-255.949;13:13:14
497;34.6375;33.9606;-256.747;-256.246;-256.692;-256.919;-256.966;-255.956;13:13:14
498;34.6296;33.9371;-256.751;-256.246;-256.692;-256.911;-256.966;-255.956;13:13:15
499;34.6179;33.9215;-256.751;-256.25;-256.692;-256.919;-256.958;-255.949;13:13:15
500;34.614;33.9136;-256.747;-256.25;-256.7;-256.919;-256.966;-255.956;13:13:16
501;34.6022;33.8941;-256.751;-256.246;-256.692;-256.919;-256.966;-255.956;13:13:16
502;34.6062;33.8902;-256.747;-256.246;-256.7;-256.911;-256.974;-255.956;13:13:17
503;34.6062;33.8823;-256.751;-256.25;-256.692;-256.911;-256.966;-255.956;13:13:17
504;34.6022;33.8706;-256.751;-256.246;-256.692;-256.911;-256.966;-255.949;13:13:18
505;34.5944;33.8706;-256.751;-256.25;-256.7;-256.911;-256.966;-255.949;13:13:18
506;34.5866;33.8549;-256.747;-256.246;-256.684;-256.919;-256.966;-255.956;13:13:19
507;34.5944;33.8471;-256.751;-256.25;-256.7;-256.911;-256.958;-255.956;13:13:19
508;34.6022;33.8471;-256.751;-256.246;-256.692;-256.911;-256.966;-255.956;13:13:20
509;34.5944;33.8236;-256.747;-256.25;-256.7;-256.911;-256.958;-255.949;13:13:20
510;34.5944;33.8236;-256.755;-256.25;-256.692;-256.911;-256.966;-255.956;13:13:21
511;34.5866;33.8158;-256.747;-256.25;-256.692;-256.911;-256.958;-255.956;13:13:21
512;34.5944;33.8158;-256.751;-256.25;-256.692;-256.919;-256.958;-255.956;13:13:22
513;34.5944;33.8002;-256.747;-256.25;-256.692;-256.911;-256.958;-255.956;13:13:22
514;34.6022;33.8002;-256.751;-256.25;-256.692;-256.919;-256.958;-255.956;13:13:23
515;34.6022;33.7923;-256.751;-256.25;-256.692;-256.911;-256.958;-255.956;13:13:23
516;34.6062;33.7767;-256.747;-256.25;-256.7;-256.911;-256.958;-255.956;13:13:24
517;34.6062;33.7767;-256.751;-256.25;-256.692;-256.919;-256.958;-255.956;13:13:24
518;34.6101;33.7767;-256.747;-256.246;-256.7;-256.911;-256.966;-255.956;13:13:25
519;34.6179;33.7767;-256.751;-256.246;-256.7;-256.919;-256.966;-255.956;13:13:25
520;34.6179;33.7689;-256.747;-256.25;-256.692;-256.911;-256.966;-255.956;13:13:26
521;34.6179;33.761;-256.751;-256.25;-256.7;-256.911;-256.958;-255.956;13:13:26
522;34.6179;33.761;-256.743;-256.246;-256.7;-256.919;-256.958;-255.956;13:13:27
523;34.6296;33.7532;-256.743;-256.25;-256.7;-256.919;-256.966;-255.949;13:13:27
524;34.6296;33.761;-256.747;-256.25;-256.692;-256.903;-256.966;-255.964;13:13:28
525;34.6296;33.7454;-256.747;-256.25;-256.7;-256.911;-256.958;-255.956;13:13:28
526;34.6218;33.7376;-256.747;-256.25;-256.7;-256.911;-256.966;-255.956;13:13:29
527;34.6179;33.7376;-256.747;-256.25;-256.692;-256.911;-256.966;-255.956;13:13:29
528;34.6296;33.7376;-256.747;-256.25;-256.692;-256.911;-256.966;-255.956;13:13:30
529;34.6453;33.7297;-256.751;-256.25;-256.692;-256.911;-256.966;-255.964;13:13:30
530;34.6453;33.7297;-256.747;-256.25;-256.692;-256.911;-256.966;-255.956;13:13:31
531;34.6531;33.7219;-256.751;-256.246;-256.692;-256.911;-256.958;-255.956;13:13:31
532;34.6531;33.7219;-256.747;-256.246;-256.692;-256.911;-256.966;-255.964;13:13:32
533;34.6609;33.7219;-256.751;-256.25;-256.692;-256.919;-256.958;-255.956;13:13:32
534;34.6844;33.7141;-256.747;-256.25;-256.692;-256.911;-256.958;-255.956;13:13:33
535;34.6766;33.7063;-256.743;-256.254;-256.692;-256.919;-256.958;-255.956;13:13:33
536;34.6766;33.7219;-256.747;-256.25;-256.7;-256.911;-256.974;-255.956;13:13:34
537;34.6844;33.7141;-256.751;-256.246;-256.692;-256.919;-256.958;-255.956;13:13:34
538;34.6922;33.7063;-256.747;-256.25;-256.7;-256.911;-256.966;-255.956;13:13:35
539;34.6844;33.6984;-256.747;-256.25;-256.7;-256.919;-256.966;-255.949;13:13:35
540;34.7001;33.6984;-256.751;-256.25;-256.7;-256.919;-256.966;-255.956;13:13:36
541;34.6922;33.6828;-256.747;-256.254;-256.7;-256.919;-256.966;-255.949;13:13:36
542;34.7001;33.6789;-256.743;-256.25;-256.7;-256.911;-256.958;-255.956;13:13:37
543;34.7001;33.6789;-256.751;-256.25;-256.692;-256.919;-256.966;-255.956;13:13:37
544;34.7157;33.6789;-256.747;-256.254;-256.692;-256.919;-256.966;-255.956;13:13:38
545;34.7157;33.6789;-256.747;-256.25;-256.7;-256.911;-256.958;-255.949;13:13:38
546;34.7314;33.675;-256.751;-256.25;-256.7;-256.919;-256.95;-255.956;13:13:39
547;34.7235;33.675;-256.747;-256.254;-256.7;-256.919;-256.966;-255.949;13:13:39
548;34.7392;33.675;-256.747;-256.25;-256.708;-256.919;-256.958;-255.956;13:13:40
549;34.7392;33.675;-256.747;-256.25;-256.7;-256.927;-256.958;-255.956;13:13:40
550;34.7548;33.6711;-256.747;-256.25;-256.692;-256.919;-256.966;-255.956;13:13:41
551;34.7392;33.6711;-256.747;-256.25;-256.7;-256.919;-256.958;-255.964;13:13:41
552;34.747;33.6711;-256.743;-256.246;-256.7;-256.911;-256.958;-255.956;13:13:42
553;34.7392;33.6671;-256.747;-256.246;-256.7;-256.919;-256.958;-255.949;13:13:42
554;34.747;33.6632;-256.747;-256.25;-256.7;-256.911;-256.966;-255.956;13:13:43
555;34.7392;33.6554;-256.751;-256.25;-256.7;-256.919;-256.966;-255.956;13:13:43
556;34.747;33.6476;-256.743;-256.246;-256.7;-256.919;-256.966;-255.949;13:13:44
557;34.747;33.6319;-256.743;-256.25;-256.7;-256.919;-256.966;-255.956;13:13:44
558;34.747;33.6319;-256.747;-256.25;-256.7;-256.911;-256.958;-255.949;13:13:45
559;34.7548;33.6241;-256.743;-256.25;-256.708;-256.911;-256.958;-255.956;13:13:45
560;34.7548;33.6163;-256.747;-256.246;-256.7;-256.911;-256.966;-255.956;13:13:46
561;34.7548;33.6163;-256.743;-256.25;-256.7;-256.919;-256.958;-255.956;13:13:46
562;34.7627;33.6085;-256.739;-256.25;-256.7;-256.911;-256.966;-255.956;13:13:47
563;34.7548;33.585;-256.747;-256.25;-256.692;-256.911;-256.958;-255.956;13:13:47
564;34.7705;33.5928;-256.747;-256.25;-256.708;-256.911;-256.966;-255.964;13:13:48
565;34.7705;33.585;-256.747;-256.25;-256.7;-256.919;-256.95;-255.956;13:13:48
566;34.7783;33.5772;-256.743;-256.246;-256.7;-256.911;-256.966;-255.956;13:13:49
567;34.7705;33.5693;-256.747;-256.25;-256.692;-256.919;-256.958;-255.956;13:13:49
568;34.7705;33.5615;-256.747;-256.25;-256.7;-256.919;-256.966;-255.964;13:13:50
569;34.7783;33.5615;-256.747;-256.25;-256.7;-256.919;-256.966;-255.956;13:13:50
570;34.7783;33.5537;-256.743;-256.25;-256.708;-256.911;-256.974;-255.964;13:13:51
571;34.7705;33.5459;-256.747;-256.25;-256.7;-256.919;-256.966;-255.956;13:13:51
572;34.7705;33.5459;-256.747;-256.246;-256.708;-256.911;-256.966;-255.956;13:13:52
573;34.7548;33.5302;-256.743;-256.25;-256.708;-256.919;-256.966;-255.964;13:13:52
574;34.7548;33.538;-256.747;-256.25;-256.708;-256.911;-256.974;-255.956;13:13:53
575;34.747;33.5302;-256.747;-256.25;-256.7;-256.911;-256.966;-255.964;13:13:53
576;34.7548;33.5302;-256.747;-256.25;-256.708;-256.911;-256.974;-255.956;13:13:54
577;34.7627;33.5224;-256.747;-256.25;-256.7;-256.919;-256.958;-255.956;13:13:54
578;34.747;33.5146;-256.747;-256.25;-256.7;-256.919;-256.958;-255.964;13:13:55
579;34.747;33.5146;-256.743;-256.25;-256.708;-256.919;-256.958;-255.964;13:13:55
580;34.7392;33.5028;-256.747;-256.25;-256.708;-256.911;-256.958;-255.956;13:13:56
581;34.747;33.5028;-256.747;-256.25;-256.708;-256.919;-256.966;-255.964;13:13:56
582;34.747;33.4989;-256.747;-256.25;-256.7;-256.911;-256.958;-255.956;13:13:57
583;34.7314;33.4911;-256.739;-256.25;-256.7;-256.911;-256.958;-255.956;13:13:57
584;34.7314;33.4911;-256.747;-256.246;-256.708;-256.919;-256.966;-255.964;13:13:58
585;34.7235;33.4872;-256.743;-256.25;-256.7;-256.919;-256.958;-255.964;13:13:58
586;34.7314;33.4872;-256.747;-256.25;-256.708;-256.911;-256.958;-255.964;13:13:59
587;34.7157;33.4715;-256.743;-256.25;-256.7;-256.919;-256.966;-255.964;13:13:59
588;34.7235;33.4793;-256.743;-256.246;-256.708;-256.919;-256.958;-255.956;13:14:00
589;34.7235;33.4637;-256.743;-256.25;-256.692;-256.919;-256.966;-255.956;13:14:00
590;34.7314;33.4637;-256.747;-256.25;-256.708;-256.911;-256.966;-255.972;13:14:01
591;34.7314;33.4559;-256.751;-256.25;-256.692;-256.919;-256.966;-255.956;13:14:01
592;34.7392;33.4637;-256.751;-256.25;-256.692;-256.911;-256.958;-255.964;13:14:02
593;34.7235;33.4559;-256.751;-256.25;-256.7;-256.911;-256.958;-255.972;13:14:02
594;34.7079;33.4559;-256.747;-256.25;-256.7;-256.919;-256.958;-255.956;13:14:03
595;34.7079;33.4559;-256.747;-256.25;-256.692;-256.919;-256.95;-255.964;13:14:03
596;34.7157;33.4559;-256.747;-256.25;-256.7;-256.911;-256.958;-255.964;13:14:04
597;34.7079;33.448;-256.747;-256.25;-256.692;-256.919;-256.95;-255.964;13:14:04
598;34.7001;33.448;-256.743;-256.246;-256.7;-256.911;-256.958;-255.964;13:14:05
599;34.7001;33.4402;-256.747;-256.25;-256.692;-256.911;-256.95;-255.956;13:14:05
600;34.7001;33.4402;-256.751;-256.246;-256.692;-256.911;-256.966;-255.964;13:14:06
601;34.7157;33.4402;-256.747;-256.25;-256.7;-256.911;-256.958;-255.964;13:14:06
602;34.7157;33.4324;-256.751;-256.25;-256.692;-256.903;-256.958;-255.964;13:14:07
603;34.7235;33.4246;-256.747;-256.254;-256.7;-256.919;-256.958;-255.964;13:14:07
604;34.7157;33.4246;-256.751;-256.25;-256.7;-256.911;-256.958;-255.964;13:14:08
605;34.7157;33.4167;-256.747;-256.254;-256.7;-256.911;-256.958;-255.964;13:14:08
606;34.7314;33.4167;-256.751;-256.25;-256.692;-256.911;-256.958;-255.964;13:14:09
607;34.7392;33.4167;-256.747;-256.25;-256.7;-256.911;-256.942;-255.956;13:14:09
608;34.7392;33.4089;-256.751;-256.25;-256.692;-256.919;-256.966;-255.964;13:14:10
609;34.747;33.4089;-256.751;-256.25;-256.7;-256.919;-256.966;-255.964;13:14:10
610;34.747;33.4089;-256.747;-256.25;-256.692;-256.911;-256.966;-255.964;13:14:11
611;34.7548;33.4167;-256.751;-256.25;-256.7;-256.919;-256.966;-255.956;13:14:11
612;34.7627;33.4089;-256.747;-256.246;-256.7;-256.911;-256.966;-255.964;13:14:12
613;34.7627;33.4011;-256.751;-256.254;-256.692;-256.919;-256.966;-255.964;13:14:12
614;34.7705;33.3933;-256.743;-256.25;-256.7;-256.911;-256.966;-255.964;13:14:13
615;34.7783;33.3933;-256.747;-256.254;-256.7;-256.919;-256.974;-255.956;13:14:13
616;34.7783;33.3933;-256.751;-256.25;-256.7;-256.911;-256.958;-255.964;13:14:14
617;34.7783;33.3854;-256.751;-256.254;-256.7;-256.919;-256.966;-255.956;13:14:14
618;34.7861;33.3854;-256.747;-256.25;-256.7;-256.919;-256.966;-255.956;13:14:15
619;34.7861;33.3776;-256.751;-256.25;-256.7;-256.911;-256.966;-255.964;13:14:15
620;34.7783;33.362;-256.747;-256.25;-256.7;-256.911;-256.958;-255.956;13:14:16
621;34.7783;33.3698;-256.751;-256.25;-256.7;-256.911;-256.958;-255.956;13:14:16
622;34.7783;33.362;-256.747;-256.246;-256.7;-256.911;-256.966;-255.964;13:14:17
623;34.7783;33.362;-256.747;-256.254;-256.7;-256.911;-256.966;-255.964;13:14:17
624;34.7548;33.3541;-256.747;-256.25;-256.7;-256.911;-256.958;-255.956;13:14:18
625;34.7548;33.3385;-256.751;-256.25;-256.7;-256.911;-256.966;-255.956;13:14:18
626;34.747;33.3463;-256.751;-256.25;-256.708;-256.919;-256.958;-255.964;13:14:19
627;34.747;33.3385;-256.747;-256.25;-256.708;-256.911;-256.958;-255.956;13:14:19
628;34.747;33.3228;-256.743;-256.25;-256.7;-256.903;-256.958;-255.964;13:14:20
629;34.747;33.3228;-256.751;-256.25;-256.7;-256.911;-256.958;-255.956;13:14:20
630;34.7392;33.3228;-256.743;-256.246;-256.692;-256.911;-256.958;-255.956;13:14:21
631;34.7314;33.3072;-256.747;-256.246;-256.692;-256.911;-256.958;-255.956;13:14:21
632;34.7392;33.3072;-256.747;-256.25;-256.7;-256.911;-256.958;-255.964;13:14:22
633;34.7392;33.315;-256.747;-256.25;-256.7;-256.919;-256.958;-255.956;13:14:22
634;34.7314;33.2994;-256.751;-256.25;-256.692;-256.911;-256.958;-255.956;13:14:23
635;34.7314;33.2915;-256.747;-256.25;-256.692;-256.911;-256.958;-255.964;13:14:23
636;34.7235;33.2876;-256.747;-256.25;-256.7;-256.911;-256.958;-255.964;13:14:24
637;34.7235;33.2876;-256.751;-256.254;-256.684;-256.911;-256.958;-255.956;13:14:24
638;34.7157;33.2915;-256.747;-256.246;-256.692;-256.911;-256.958;-255.964;13:14:25
639;34.7157;33.2837;-256.743;-256.25;-256.692;-256.911;-256.958;-255.956;13:14:25
640;34.7157;33.2798;-256.747;-256.246;-256.692;-256.911;-256.958;-255.964;13:14:26
641;34.7079;33.2798;-256.735;-256.246;-256.684;-256.911;-256.958;-255.956;13:14:26
642;34.7079;33.2759;-256.747;-256.25;-256.692;-256.919;-256.966;-255.956;13:14:27
643;34.7079;33.2759;-256.747;-256.254;-256.692;-256.911;-256.958;-255.964;13:14:27
644;34.7079;33.2759;-256.751;-256.25;-256.692;-256.919;-256.958;-255.964;13:14:28
645;34.7157;33.2642;-256.751;-256.25;-256.692;-256.903;-256.958;-255.964;13:14:28
646;34.7235;33.2642;-256.751;-256.254;-256.692;-256.911;-256.958;-255.956;13:14:29
647;34.7314;33.2563;-256.755;-256.25;-256.684;-256.903;-256.958;-255.964;13:14:29
648;34.7314;33.2563;-256.747;-256.25;-256.692;-256.903;-256.958;-255.964;13:14:30
649;34.7392;33.2485;-256.751;-256.25;-256.7;-256.911;-256.95;-255.956;13:14:30
650;34.7392;33.2407;-256.751;-256.246;-256.692;-256.903;-256.966;-255.956;13:14:31
651;34.7392;33.2329;-256.751;-256.25;-256.692;-256.911;-256.966;-255.964;13:14:31
652;34.7392;33.225;-256.751;-256.25;-256.692;-256.903;-256.958;-255.964;13:14:32
653;34.7392;33.225;-256.751;-256.25;-256.7;-256.903;-256.966;-255.956;13:14:32
654;34.7392;33.2329;-256.751;-256.25;-256.7;-256.903;-256.966;-255.956;13:14:33
655;34.7314;33.225;-256.747;-256.254;-256.7;-256.903;-256.966;-255.949;13:14:33
656;34.7392;33.2172;-256.751;-256.25;-256.692;-256.903;-256.966;-255.956;13:14:34
657;34.7314;33.2094;-256.747;-256.25;-256.7;-256.903;-256.966;-255.956;13:14:34
658;34.7314;33.2094;-256.747;-256.25;-256.7;-256.903;-256.958;-255.956;13:14:35
659;34.7314;33.2016;-256.751;-256.25;-256.7;-256.903;-256.958;-255.956;13:14:35
660;34.7314;33.2016;-256.747;-256.25;-256.692;-256.903;-256.966;-255.964;13:14:36
661;34.7314;33.2016;-256.751;-256.25;-256.7;-256.911;-256.95;-255.949;13:14:36
662;34.7314;33.1937;-256.747;-256.25;-256.7;-256.911;-256.966;-255.956;13:14:37
663;34.7235;33.2016;-256.747;-256.254;-256.7;-256.911;-256.958;-255.956;13:14:37
664;34.7314;33.1937;-256.751;-256.25;-256.7;-256.911;-256.958;-255.964;13:14:38
665;34.7235;33.2016;-256.747;-256.25;-256.7;-256.911;-256.958;-255.964;13:14:38
666;34.7157;33.2016;-256.743;-256.25;-256.692;-256.911;-256.966;-255.964;13:14:39
667;34.7157;33.1937;-256.747;-256.25;-256.7;-256.911;-256.966;-255.956;13:14:39
668;34.7157;33.2016;-256.751;-256.25;-256.7;-256.911;-256.958;-255.956;13:14:40
669;34.7235;33.2094;-256.747;-256.25;-256.708;-256.903;-256.958;-255.956;13:14:40
670;34.7235;33.2094;-256.747;-256.25;-256.7;-256.911;-256.958;-255.956;13:14:41
671;34.7157;33.2094;-256.751;-256.25;-256.7;-256.911;-256.95;-255.956;13:14:41
672;34.7157;33.2016;-256.747;-256.25;-256.7;-256.911;-256.95;-255.956;13:14:42
673;34.7157;33.2016;-256.751;-256.25;-256.708;-256.911;-256.95;-255.964;13:14:42
674;34.7235;33.2094;-256.751;-256.25;-256.692;-256.903;-256.95;-255.956;13:14:43
675;34.7314;33.2172;-256.747;-256.246;-256.7;-256.919;-256.95;-255.964;13:14:43
676;34.7392;33.2172;-256.751;-256.25;-256.692;-256.903;-256.966;-255.956;13:14:44
677;34.7314;33.2172;-256.751;-256.246;-256.7;-256.911;-256.958;-255.964;13:14:44
678;34.7314;33.225;-256.751;-256.25;-256.7;-256.911;-256.966;-255.956;13:14:45
679;34.7314;33.225;-256.755;-256.246;-256.7;-256.903;-256.95;-255.956;13:14:45
680;34.7392;33.225;-256.751;-256.25;-256.7;-256.911;-256.966;-255.964;13:14:46
681;34.7392;33.225;-256.751;-256.25;-256.7;-256.903;-256.95;-255.956;13:14:46
682;34.7314;33.2172;-256.751;-256.25;-256.7;-256.903;-256.958;-255.956;13:14:47
683;34.7235;33.2016;-256.751;-256.246;-256.7;-256.903;-256.958;-255.964;13:14:47
684;34.7235;33.2094;-256.747;-256.25;-256.7;-256.903;-256.95;-255.956;13:14:48
685;34.7314;33.2172;-256.751;-256.25;-256.7;-256.903;-256.958;-255.956;13:14:48
686;34.7314;33.2094;-256.747;-256.25;-256.7;-256.903;-256.95;-255.964;13:14:49
687;34.7235;33.2094;-256.747;-256.25;-256.7;-256.903;-256.95;-255.956;13:14:49
688;34.7235;33.2172;-256.751;-256.25;-256.708;-256.903;-256.95;-255.956;13:14:50
689;34.7235;33.2172;-256.743;-256.25;-256.7;-256.903;-256.95;-255.956;13:14:50
690;34.7235;33.2329;-256.747;-256.254;-256.708;-256.903;-256.95;-255.956;13:14:51
691;34.7314;33.2329;-256.747;-256.25;-256.7;-256.903;-256.95;-255.964;13:14:51
692;34.7314;33.225;-256.747;-256.25;-256.708;-256.903;-256.958;-255.956;13:14:52
693;34.7235;33.2094;-256.747;-256.254;-256.7;-256.903;-256.958;-255.964;13:14:52
694;34.7314;33.2172;-256.747;-256.25;-256.708;-256.903;-256.958;-255.956;13:14:53
695;34.7314;33.2172;-256.747;-256.254;-256.7;-256.903;-256.958;-255.964;13:14:53
696;34.7314;33.2172;-256.747;-256.25;-256.708;-256.903;-256.95;-255.956;13:14:54
697;34.7157;33.225;-256.735;-256.254;-256.708;-256.888;-256.958;-255.964;13:14:54
698;34.7157;33.225;-256.747;-256.25;-256.7;-256.895;-256.958;-255.964;13:14:55
699;34.7157;33.2172;-256.743;-256.25;-256.7;-256.903;-256.958;-255.956;13:14:55
700;34.7157;33.2094;-256.743;-256.25;-256.708;-256.903;-256.966;-255.956;13:14:56
701;34.7157;33.2094;-256.735;-256.25;-256.7;-256.903;-256.958;-255.956;13:14:56
702;34.7157;33.2094;-256.747;-256.246;-256.7;-256.911;-256.95;-255.964;13:14:57
703;34.7157;33.2016;-256.743;-256.25;-256.7;-256.903;-256.958;-255.956;13:14:57
704;34.7157;33.1937;-256.747;-256.246;-256.708;-256.911;-256.958;-255.956;13:14:58
705;34.7235;33.1937;-256.743;-256.246;-256.7;-256.903;-256.958;-255.956;13:14:58
706;34.7157;33.1937;-256.747;-256.25;-256.7;-256.903;-256.95;-255.956;13:14:59
707;34.7314;33.1937;-256.747;-256.246;-256.7;-256.903;-256.958;-255.964;13:14:59
708;34.7235;33.1859;-256.743;-256.246;-256.708;-256.903;-256.958;-255.956;13:15:00
709;34.7235;33.1937;-256.743;-256.25;-256.7;-256.903;-256.95;-255.964;13:15:00
710;34.7392;33.1859;-256.747;-256.246;-256.7;-256.903;-256.95;-255.956;13:15:01
711;34.7392;33.1937;-256.747;-256.246;-256.708;-256.903;-256.95;-255.956;13:15:01
712;34.7392;33.1859;-256.743;-256.25;-256.708;-256.903;-256.95;-255.964;13:15:02
713;34.7392;33.1781;-256.747;-256.246;-256.7;-256.903;-256.95;-255.956;13:15:02
714;34.7314;33.1859;-256.747;-256.25;-256.7;-256.903;-256.95;-255.964;13:15:03
715;34.7392;33.1937;-256.747;-256.25;-256.692;-256.911;-256.95;-255.956;13:15:03
716;34.7392;33.1937;-256.743;-256.25;-256.7;-256.903;-256.95;-255.956;13:15:04
717;34.7627;33.1859;-256.747;-256.254;-256.7;-256.903;-256.95;-255.964;13:15:04
718;34.7548;33.1859;-256.751;-256.25;-256.692;-256.903;-256.958;-255.956;13:15:05
719;34.7627;33.1781;-256.755;-256.25;-256.708;-256.911;-256.95;-255.956;13:15:05
720;34.7548;33.1781;-256.755;-256.25;-256.708;-256.903;-256.95;-255.956;13:15:06
721;34.7627;33.1937;-256.747;-256.25;-256.708;-256.911;-256.958;-255.956;13:15:06
722;34.7783;33.1937;-256.751;-256.246;-256.7;-256.911;-256.95;-255.956;13:15:07
723;34.794;33.2094;-256.747;-256.25;-256.708;-256.903;-256.95;-255.956;13:15:07
724;34.8174;33.2329;-256.751;-256.25;-256.708;-256.919;-256.95;-255.949;13:15:08
725;34.8292;33.2563;-256.743;-256.25;-256.708;-256.903;-256.958;-255.956;13:15:08
726;34.8448;33.272;-256.747;-256.25;-256.708;-256.911;-256.95;-255.949;13:15:09
727;34.8761;33.2837;-256.747;-256.25;-256.7;-256.895;-256.958;-255.949;13:15:09
728;34.9074;33.3072;-256.743;-256.25;-256.7;-256.911;-256.95;-255.949;13:15:10
729;34.9387;33.3228;-256.747;-256.25;-256.7;-256.903;-256.958;-255.949;13:15:10
730;34.9622;33.3698;-256.743;-256.254;-256.7;-256.903;-256.95;-255.949;13:15:11
731;34.9896;33.3854;-256.747;-256.246;-256.708;-256.903;-256.958;-255.956;13:15:11
732;35.017;33.4324;-256.743;-256.25;-256.708;-256.911;-256.95;-255.949;13:15:12
733;35.0444;33.4559;-256.747;-256.25;-256.7;-256.895;-256.958;-255.964;13:15:12
734;35.0678;33.4872;-256.743;-256.254;-256.7;-256.895;-256.95;-255.956;13:15:13
735;35.107;33.4989;-256.743;-256.25;-256.7;-256.903;-256.95;-255.956;13:15:13
736;35.1383;33.5224;-256.743;-256.25;-256.7;-256.903;-256.95;-255.964;13:15:14
737;35.1774;33.5615;-256.747;-256.25;-256.708;-256.895;-256.958;-255.949;13:15:14
738;35.2009;33.5772;-256.747;-256.25;-256.7;-256.903;-256.958;-255.956;13:15:15
739;35.2165;33.6085;-256.747;-256.25;-256.7;-256.903;-256.95;-255.956;13:15:15
740;35.2282;33.6319;-256.751;-256.25;-256.7;-256.895;-256.958;-255.956;13:15:16
741;35.2674;33.6554;-256.751;-256.246;-256.7;-256.895;-256.958;-255.949;13:15:16
742;35.283;33.6711;-256.755;-256.246;-256.708;-256.903;-256.958;-255.956;13:15:17
743;35.3143;33.6828;-256.751;-256.25;-256.692;-256.895;-256.958;-255.949;13:15:17
744;35.33;33.6984;-256.751;-256.246;-256.708;-256.903;-256.958;-255.956;13:15:18
745;35.3456;33.7297;-256.747;-256.25;-256.7;-256.903;-256.95;-255.956;13:15:18
746;35.3691;33.7376;-256.751;-256.246;-256.692;-256.903;-256.958;-255.956;13:15:19
747;35.3847;33.761;-256.751;-256.25;-256.7;-256.903;-256.958;-255.956;13:15:19
748;35.3926;33.7845;-256.751;-256.246;-256.7;-256.895;-256.95;-255.956;13:15:20
749;35.4004;33.8002;-256.747;-256.25;-256.7;-256.895;-256.95;-255.956;13:15:20
750;35.4239;33.8158;-256.747;-256.246;-256.7;-256.911;-256.95;-255.956;13:15:21
751;35.4278;33.8236;-256.747;-256.246;-256.692;-256.903;-256.95;-255.956;13:15:21
752;35.4317;33.8393;-256.751;-256.246;-256.7;-256.903;-256.95;-255.956;13:15:22
753;35.4356;33.8471;-256.747;-256.246;-256.7;-256.903;-256.958;-255.956;13:15:22
754;35.4395;33.8706;-256.751;-256.25;-256.692;-256.911;-256.95;-255.956;13:15:23
755;35.4434;33.8706;-256.751;-256.246;-256.7;-256.903;-256.95;-255.956;13:15:23
756;35.4513;33.8862;-256.751;-256.25;-256.7;-256.903;-256.95;-255.956;13:15:24
757;35.4513;33.8902;-256.751;-256.25;-256.7;-256.903;-256.958;-255.956;13:15:24
758;35.4669;33.8902;-256.747;-256.246;-256.7;-256.903;-256.958;-255.956;13:15:25
759;35.4591;33.898;-256.747;-256.25;-256.7;-256.903;-256.95;-255.956;13:15:25
760;35.4669;33.898;-256.747;-256.246;-256.7;-256.903;-256.95;-255.956;13:15:26
761;35.4669;33.9058;-256.751;-256.25;-256.7;-256.903;-256.95;-255.956;13:15:26
762;35.4669;33.9215;-256.747;-256.25;-256.7;-256.903;-256.95;-255.964;13:15:27
763;35.4591;33.9136;-256.747;-256.246;-256.7;-256.903;-256.958;-255.964;13:15:27
764;35.4669;33.9215;-256.747;-256.25;-256.692;-256.903;-256.958;-255.964;13:15:28
765;35.4669;33.9371;-256.751;-256.25;-256.7;-256.903;-256.958;-255.964;13:15:28
766;35.4669;33.9371;-256.751;-256.246;-256.7;-256.911;-256.958;-255.964;13:15:29
767;35.4591;33.9449;-256.751;-256.25;-256.7;-256.903;-256.958;-255.964;13:15:29
768;35.4591;33.9371;-256.747;-256.246;-256.7;-256.903;-256.958;-255.956;13:15:30
